id,firstName,lastName,email,gender,knows
1,Base,Whitta,bwhitta0@imdb.com,Male,547
2,Evyn,Startin,estartin1@dailymotion.com,Male,231
3,Henrie,Loines,hloines2@reuters.com,Female,490
4,Nesta,Treen,ntreen3@google.com.au,Female,900
5,Sammy,Deal,sdeal4@yellowpages.com,Female,688
6,Randolf,Daniau,rdaniau5@walmart.com,Male,189
7,Quentin,Pingstone,qpingstone6@state.gov,Female,860
8,Myra,Dudden,mdudden7@chronoengine.com,Female,546
9,Lenore,Eglese,leglese8@sina.com.cn,Female,521
10,Robina,Van T'Hoog,rvanthoog9@biglobe.ne.jp,Female,528
11,Isador,Abramchik,iabramchika@blogger.com,Male,544
12,Farrand,Twidale,ftwidaleb@japanpost.jp,Female,579
13,Hernando,Lodemann,hlodemannc@ucoz.ru,Male,624
14,Tildi,Bauldry,tbauldryd@t.co,Female,912
15,Matthias,Fisk,mfiske@scientificamerican.com,Male,985
16,Leon,Dandie,ldandief@chronoengine.com,Male,729
17,Joellyn,Bouette,jbouetteg@macromedia.com,Female,323
18,Clark,Pristnor,cpristnorh@google.it,Male,593
19,Montgomery,Himsworth,mhimsworthi@auda.org.au,Male,863
20,Rurik,Kinghorn,rkinghornj@go.com,Male,248
21,Nicolea,Cunrado,ncunradok@gmpg.org,Female,295
22,Duke,Dyment,ddymentl@slate.com,Male,475
23,Bing,Deaconson,bdeaconsonm@ed.gov,Male,516
24,Franklyn,Schuck,fschuckn@lycos.com,Male,18
25,Wyatan,Fawkes,wfawkeso@webmd.com,Male,201
26,Odo,Causbey,ocausbeyp@yolasite.com,Male,279
27,Jolie,Giovanazzi,jgiovanazziq@elpais.com,Female,612
28,Weider,Biasetti,wbiasettir@xinhuanet.com,Male,221
29,Gracie,Crennan,gcrennans@ft.com,Female,972
30,Gabie,Deverell,gdeverellt@nifty.com,Male,6
31,Leona,Deguara,ldeguarau@oracle.com,Female,173
32,Arleta,Pavkovic,apavkovicv@cbslocal.com,Female,113
33,Eugenio,Middlebrook,emiddlebrookw@csmonitor.com,Male,349
34,Cathee,Blow,cblowx@nba.com,Female,112
35,Con,Albrooke,calbrookey@japanpost.jp,Male,120
36,Horatio,Lehon,hlehonz@4shared.com,Male,835
37,Bridie,Deason,bdeason10@bandcamp.com,Female,197
38,Rustie,Foad,rfoad11@sciencedaily.com,Male,85
39,Domeniga,Willets,dwillets12@lulu.com,Female,621
40,Veronika,Francescone,vfrancescone13@independent.co.uk,Female,480
41,Zebulen,McWhirter,zmcwhirter14@stanford.edu,Male,645
42,Zora,Traut,ztraut15@mozilla.org,Female,865
43,Reinald,Radley,rradley16@youtu.be,Male,768
44,Alis,Marchant,amarchant17@examiner.com,Female,397
45,Chev,Ffoulkes,cffoulkes18@accuweather.com,Male,739
46,Franciskus,Gwinn,fgwinn19@github.io,Male,16
47,Claybourne,Kassel,ckassel1a@youtube.com,Male,689
48,Shaw,Gergolet,sgergolet1b@cpanel.net,Male,299
49,Jeremie,Askwith,jaskwith1c@biglobe.ne.jp,Male,307
50,Drew,Watting,dwatting1d@github.io,Male,308
51,Lovell,Hartropp,lhartropp1e@tamu.edu,Male,454
52,Ardelia,Keyho,akeyho1f@twitter.com,Female,131
53,Conrade,Picardo,cpicardo1g@wikispaces.com,Male,738
54,Gus,Petcher,gpetcher1h@msu.edu,Female,49
55,Karrie,Scohier,kscohier1i@cnet.com,Female,120
56,Christian,Pentecust,cpentecust1j@java.com,Male,842
57,Hanan,Blooman,hblooman1k@hud.gov,Male,769
58,Rebeca,Clair,rclair1l@abc.net.au,Female,667
59,Blondie,Lynn,blynn1m@shinystat.com,Female,814
60,Katey,Andrasch,kandrasch1n@networksolutions.com,Female,158
61,Neall,Berggren,nberggren1o@tripadvisor.com,Male,687
62,Agnes,Drissell,adrissell1p@is.gd,Female,811
63,Ricky,MacAlroy,rmacalroy1q@google.it,Female,440
64,Jermaine,Chubb,jchubb1r@house.gov,Female,391
65,Gilberte,Hattrick,ghattrick1s@google.com.hk,Female,473
66,Karly,Fursland,kfursland1t@smugmug.com,Female,923
67,Christin,Bengtsson,cbengtsson1u@free.fr,Female,943
68,Beltran,Guwer,bguwer1v@vinaora.com,Male,672
69,Aristotle,Shirer,ashirer1w@salon.com,Male,521
70,Crystal,Coath,ccoath1x@vimeo.com,Female,499
71,Larina,Westmancoat,lwestmancoat1y@xing.com,Female,770
72,Myrta,Guyver,mguyver1z@cnet.com,Female,791
73,Ruperta,Oakman,roakman20@elegantthemes.com,Female,70
74,Barbe,Kilshall,bkilshall21@tiny.cc,Female,505
75,Clint,Golsby,cgolsby22@nbcnews.com,Male,663
76,Paten,Nutten,pnutten23@deliciousdays.com,Male,996
77,Franklyn,Baudain,fbaudain24@google.cn,Male,265
78,Wayland,Sarver,wsarver25@columbia.edu,Male,663
79,Glen,Gratton,ggratton26@mit.edu,Female,912
80,Maighdiln,Harbach,mharbach27@ted.com,Female,752
81,Ebba,Kienl,ekienl28@ftc.gov,Female,803
82,Jacobo,Denson,jdenson29@reuters.com,Male,12
83,Ewell,Slyme,eslyme2a@xrea.com,Male,855
84,Eliot,Dmitr,edmitr2b@yahoo.co.jp,Male,168
85,Ashley,Caustic,acaustic2c@dmoz.org,Female,267
86,Crysta,Tremberth,ctremberth2d@ucoz.ru,Female,678
87,Nessi,Gosker,ngosker2e@google.es,Female,642
88,Whittaker,Ball,wball2f@tinypic.com,Male,181
89,Homer,Darycott,hdarycott2g@baidu.com,Male,341
90,Base,Coram,bcoram2h@cyberchimps.com,Male,219
91,Dominic,Fanshaw,dfanshaw2i@google.nl,Male,409
92,Hanan,Job,hjob2j@google.it,Male,832
93,Gran,Jaycox,gjaycox2k@liveinternet.ru,Male,343
94,Olivier,Tooker,otooker2l@sbwire.com,Male,297
95,Fernandina,Pincked,fpincked2m@craigslist.org,Female,548
96,Batholomew,Treneman,btreneman2n@gizmodo.com,Male,296
97,Conan,Welling,cwelling2o@kickstarter.com,Male,480
98,Gaby,Booler,gbooler2p@multiply.com,Male,440
99,Dar,Recher,drecher2q@cpanel.net,Male,886
100,Pearle,Erie,perie2r@walmart.com,Female,469
101,Farah,Boullen,fboullen2s@hc360.com,Female,879
102,Samuele,Odd,sodd2t@google.ca,Male,408
103,Viviana,Teall,vteall2u@wisc.edu,Female,354
104,Nat,Gurton,ngurton2v@eepurl.com,Male,526
105,Flemming,Slocumb,fslocumb2w@paginegialle.it,Male,581
106,Alessandra,Kondratowicz,akondratowicz2x@quantcast.com,Female,806
107,Olenolin,McAline,omcaline2y@amazon.de,Male,744
108,Essie,Dayer,edayer2z@flickr.com,Female,611
109,Carmelita,Toppes,ctoppes30@bloglovin.com,Female,654
110,Keene,Brandin,kbrandin31@skype.com,Male,497
111,Gualterio,McGilbon,gmcgilbon32@mozilla.org,Male,273
112,Nikolas,Foulds,nfoulds33@dagondesign.com,Male,263
113,Normie,Rippin,nrippin34@xrea.com,Male,471
114,Ambrose,Wyse,awyse35@usa.gov,Male,209
115,Melanie,Frantsev,mfrantsev36@miibeian.gov.cn,Female,102
116,Burk,Gateshill,bgateshill37@statcounter.com,Male,239
117,Deeyn,De Mattei,ddemattei38@comsenz.com,Female,939
118,Josiah,Mence,jmence39@tripod.com,Male,623
119,Alberik,Scaysbrook,ascaysbrook3a@dell.com,Male,163
120,Genovera,Mudd,gmudd3b@bing.com,Female,650
121,Porty,Jessope,pjessope3c@meetup.com,Male,535
122,Gallagher,Divill,gdivill3d@businessweek.com,Male,218
123,Arvy,Bruckstein,abruckstein3e@cbsnews.com,Male,661
124,Nikaniki,Weald,nweald3f@stanford.edu,Female,38
125,Kaycee,Djurdjevic,kdjurdjevic3g@issuu.com,Female,733
126,Maximo,Stone,mstone3h@i2i.jp,Male,129
127,Kennan,Herreran,kherreran3i@theglobeandmail.com,Male,283
128,Delbert,Suttie,dsuttie3j@joomla.org,Male,113
129,Giffard,Klimentyev,gklimentyev3k@free.fr,Male,17
130,Giusto,Orleton,gorleton3l@sohu.com,Male,7
131,Damien,Grindlay,dgrindlay3m@soundcloud.com,Male,474
132,Dita,Semor,dsemor3n@upenn.edu,Female,709
133,Michell,Birdseye,mbirdseye3o@squarespace.com,Female,675
134,Rebeka,Spellissy,rspellissy3p@state.gov,Female,323
135,Maximilianus,McQuirter,mmcquirter3q@google.pl,Male,109
136,Andreas,Matusevich,amatusevich3r@sohu.com,Male,928
137,Haily,Brandino,hbrandino3s@soundcloud.com,Female,991
138,Herbie,Georgi,hgeorgi3t@dailymotion.com,Male,219
139,Andy,Checcucci,acheccucci3u@usnews.com,Male,936
140,Nicolle,Kettlewell,nkettlewell3v@alexa.com,Female,435
141,Valentijn,Joy,vjoy3w@answers.com,Male,976
142,Ibrahim,Dickin,idickin3x@zdnet.com,Male,301
143,Aviva,Lodder,alodder3y@prnewswire.com,Female,468
144,Stephana,Preuvost,spreuvost3z@nytimes.com,Female,356
145,Lura,Hagwood,lhagwood40@godaddy.com,Female,263
146,Sadella,Bettison,sbettison41@multiply.com,Female,171
147,Karylin,Yorath,kyorath42@usatoday.com,Female,132
148,Myrlene,Cahan,mcahan43@amazon.de,Female,645
149,Teressa,Pacher,tpacher44@joomla.org,Female,806
150,Howard,Berka,hberka45@t-online.de,Male,370
151,Robbert,Blackler,rblackler46@icio.us,Male,562
152,Ginevra,Prescott,gprescott47@altervista.org,Female,791
153,Allistir,Beade,abeade48@irs.gov,Male,397
154,Yvon,Skeels,yskeels49@google.cn,Male,979
155,Margeaux,Hattigan,mhattigan4a@4shared.com,Female,398
156,Arlen,Vasyushkhin,avasyushkhin4b@slashdot.org,Male,396
157,Em,Garlinge,egarlinge4c@apache.org,Female,169
158,Sidnee,Sellwood,ssellwood4d@technorati.com,Male,87
159,Alex,Lardiner,alardiner4e@dyndns.org,Female,434
160,Millisent,Dinwoodie,mdinwoodie4f@github.io,Female,873
161,Lenette,Dreelan,ldreelan4g@ezinearticles.com,Female,889
162,Rabi,Giacomello,rgiacomello4h@free.fr,Male,306
163,Vidovik,Widger,vwidger4i@comsenz.com,Male,899
164,Margarita,Florentine,mflorentine4j@weibo.com,Female,754
165,Michale,Habbergham,mhabbergham4k@google.co.jp,Male,557
166,Kimmie,Bexon,kbexon4l@samsung.com,Female,909
167,Berrie,Cleife,bcleife4m@macromedia.com,Female,345
168,Levi,Peegrem,lpeegrem4n@opera.com,Male,368
169,Celinda,Ivashchenko,civashchenko4o@foxnews.com,Female,695
170,Inga,Erington,ierington4p@utexas.edu,Female,775
171,Devonna,Ruf,druf4q@dedecms.com,Female,256
172,Velma,Yakebovich,vyakebovich4r@addthis.com,Female,817
173,Matthiew,Zorzi,mzorzi4s@wordpress.com,Male,941
174,Enrique,Rowet,erowet4t@omniture.com,Male,697
175,Dreddy,Cowper,dcowper4u@wp.com,Female,997
176,Lazarus,O'Hederscoll,lohederscoll4v@cbslocal.com,Male,272
177,Elisabet,Frayne,efrayne4w@twitter.com,Female,564
178,Benedick,Kamenar,bkamenar4x@plala.or.jp,Male,831
179,Elsinore,Malham,emalham4y@shop-pro.jp,Female,441
180,Kasey,Bew,kbew4z@youku.com,Female,336
181,Barr,Kaines,bkaines50@illinois.edu,Male,855
182,Allyce,Pulford,apulford51@prlog.org,Female,171
183,Heloise,Pentelo,hpentelo52@canalblog.com,Female,170
184,Duffy,Hobson,dhobson53@cafepress.com,Male,749
185,Inness,Abramovitz,iabramovitz54@ehow.com,Male,668
186,Lana,Lowman,llowman55@symantec.com,Female,108
187,Margy,Le Quesne,mlequesne56@nps.gov,Female,573
188,Lea,Rattray,lrattray57@hud.gov,Female,22
189,Vaclav,Rackam,vrackam58@mashable.com,Male,513
190,Nyssa,Burling,nburling59@indiegogo.com,Female,964
191,Netti,Dunican,ndunican5a@mysql.com,Female,863
192,Prudence,Birnie,pbirnie5b@t.co,Female,349
193,Lorita,Caen,lcaen5c@last.fm,Female,508
194,Artur,Gullyes,agullyes5d@e-recht24.de,Male,584
195,Yuri,Collip,ycollip5e@symantec.com,Male,89
196,Boony,Mansion,bmansion5f@uiuc.edu,Male,82
197,Zsazsa,Slight,zslight5g@businessweek.com,Female,595
198,Bartie,Flute,bflute5h@studiopress.com,Male,424
199,Dominic,Purchase,dpurchase5i@addtoany.com,Male,420
200,Edna,Bilton,ebilton5j@hugedomains.com,Female,23
201,Herminia,Sidebotton,hsidebotton5k@cnn.com,Female,58
202,Stevana,Britland,sbritland5l@wired.com,Female,557
203,Gian,Iffe,giffe5m@jalbum.net,Male,825
204,Torie,Lyfield,tlyfield5n@un.org,Female,7
205,Annmaria,Nolin,anolin5o@eventbrite.com,Female,36
206,Minni,Baukham,mbaukham5p@cargocollective.com,Female,239
207,Dion,Weins,dweins5q@cnet.com,Female,179
208,Waylen,Hamlin,whamlin5r@upenn.edu,Male,612
209,Jeddy,Loving,jloving5s@microsoft.com,Male,558
210,Olly,Liggett,oliggett5t@earthlink.net,Female,325
211,Edy,Church,echurch5u@prlog.org,Female,766
212,Baudoin,Hair,bhair5v@sina.com.cn,Male,26
213,Allegra,Roscrigg,aroscrigg5w@washingtonpost.com,Female,496
214,Byron,McGillivray,bmcgillivray5x@home.pl,Male,976
215,Pauly,Dyhouse,pdyhouse5y@privacy.gov.au,Male,713
216,Kort,Hansana,khansana5z@twitpic.com,Male,292
217,Alysia,Quilliam,aquilliam60@cyberchimps.com,Female,1000
218,Nedi,Bramsen,nbramsen61@hibu.com,Female,29
219,Irina,Dory,idory62@deviantart.com,Female,775
220,Justina,Favelle,jfavelle63@amazon.de,Female,598
221,Obadiah,Basham,obasham64@mtv.com,Male,419
222,Garret,Whitefoot,gwhitefoot65@ow.ly,Male,61
223,Effie,Aimer,eaimer66@oracle.com,Female,86
224,Carlene,Griffey,cgriffey67@usatoday.com,Female,97
225,Ricoriki,Tedman,rtedman68@chicagotribune.com,Male,830
226,Oates,Ridsdell,oridsdell69@macromedia.com,Male,683
227,Marion,Duckworth,mduckworth6a@nytimes.com,Female,443
228,Nadeen,Skehens,nskehens6b@123-reg.co.uk,Female,509
229,Cherice,Cisland,ccisland6c@163.com,Female,126
230,Algernon,Bentz,abentz6d@myspace.com,Male,728
231,Janette,Arnot,jarnot6e@latimes.com,Female,247
232,Christiane,Toffolini,ctoffolini6f@samsung.com,Female,931
233,Nicolai,Noseworthy,nnoseworthy6g@spotify.com,Male,198
234,Claude,Bazely,cbazely6h@latimes.com,Female,208
235,Ev,De Cruz,edecruz6i@mashable.com,Male,64
236,Piper,Emloch,pemloch6j@tripadvisor.com,Female,494
237,Arron,Attow,aattow6k@sbwire.com,Male,234
238,Giusto,Norssister,gnorssister6l@linkedin.com,Male,181
239,Gwynne,Kobpac,gkobpac6m@cam.ac.uk,Female,377
240,Candis,Lingfoot,clingfoot6n@twitter.com,Female,877
241,Kermy,Bernardeau,kbernardeau6o@myspace.com,Male,448
242,Mame,Loade,mloade6p@tripod.com,Female,903
243,Saloma,Kagan,skagan6q@slate.com,Female,32
244,Thaxter,Ellen,tellen6r@phoca.cz,Male,608
245,Vallie,Willoway,vwilloway6s@theguardian.com,Female,980
246,Amity,Kubatsch,akubatsch6t@archive.org,Female,492
247,Hollie,Dooly,hdooly6u@redcross.org,Female,265
248,Geordie,Olekhov,golekhov6v@gravatar.com,Male,153
249,Sancho,Noyes,snoyes6w@tuttocitta.it,Male,908
250,Lek,Garnsey,lgarnsey6x@senate.gov,Male,504
251,Jesus,Dennerley,jdennerley6y@engadget.com,Male,317
252,Sloan,Swabey,sswabey6z@icq.com,Male,987
253,Florance,Deverock,fdeverock70@salon.com,Female,563
254,Helene,Piggens,hpiggens71@mozilla.com,Female,736
255,Uriah,Gawthrop,ugawthrop72@ucoz.ru,Male,110
256,Theadora,Swetland,tswetland73@hatena.ne.jp,Female,101
257,Mylo,Lafford,mlafford74@sbwire.com,Male,42
258,Bronnie,Rising,brising75@reuters.com,Male,126
259,Toby,Liccardo,tliccardo76@nsw.gov.au,Female,852
260,Patrice,Littrell,plittrell77@canalblog.com,Male,612
261,Alessandra,Ridulfo,aridulfo78@odnoklassniki.ru,Female,58
262,Betsy,Clavey,bclavey79@naver.com,Female,582
263,Mel,Greatrex,mgreatrex7a@php.net,Female,768
264,Rozanna,Knevit,rknevit7b@fema.gov,Female,299
265,Etheline,Folkerts,efolkerts7c@salon.com,Female,440
266,Gaspard,Moston,gmoston7d@multiply.com,Male,581
267,Anson,Harkes,aharkes7e@ow.ly,Male,603
268,Newton,Biggs,nbiggs7f@slideshare.net,Male,631
269,Lizzy,Tott,ltott7g@miibeian.gov.cn,Female,220
270,Cindee,Kinnar,ckinnar7h@ucla.edu,Female,803
271,Dion,Swanton,dswanton7i@bluehost.com,Male,159
272,Mattie,Boyan,mboyan7j@yahoo.com,Male,763
273,Vivi,Ell,vell7k@cocolog-nifty.com,Female,765
274,Sherman,Farlham,sfarlham7l@wikimedia.org,Male,549
275,Mord,Beachamp,mbeachamp7m@hao123.com,Male,337
276,Philip,Lacoste,placoste7n@sina.com.cn,Male,919
277,Theressa,Squirrel,tsquirrel7o@dot.gov,Female,2
278,Beitris,Vigar,bvigar7p@vistaprint.com,Female,694
279,Faulkner,Pierpoint,fpierpoint7q@cnet.com,Male,51
280,Joscelin,Grigoli,jgrigoli7r@merriam-webster.com,Female,58
281,Luigi,Fullick,lfullick7s@omniture.com,Male,33
282,Christan,Valentinetti,cvalentinetti7t@ftc.gov,Female,624
283,Garek,Lenham,glenham7u@etsy.com,Male,815
284,Amitie,Witcombe,awitcombe7v@guardian.co.uk,Female,17
285,Lars,Shelton,lshelton7w@chronoengine.com,Male,88
286,Cory,Levins,clevins7x@1und1.de,Female,488
287,Towny,Wynn,twynn7y@123-reg.co.uk,Male,826
288,Mohandas,Heavyside,mheavyside7z@google.de,Male,41
289,Rodrigo,Gilburt,rgilburt80@dagondesign.com,Male,481
290,Johnathon,Emloch,jemloch81@oaic.gov.au,Male,724
291,Milty,Beniesh,mbeniesh82@wikimedia.org,Male,819
292,Lorenzo,Du Hamel,lduhamel83@dagondesign.com,Male,19
293,Lolita,Dalbey,ldalbey84@geocities.com,Female,321
294,Bondie,Whatman,bwhatman85@so-net.ne.jp,Male,755
295,Giorgio,Corradeschi,gcorradeschi86@i2i.jp,Male,786
296,Gabbey,Vinson,gvinson87@surveymonkey.com,Female,71
297,Buiron,Ellen,bellen88@symantec.com,Male,196
298,Mahalia,Yetman,myetman89@squidoo.com,Female,809
299,Thomas,Abatelli,tabatelli8a@google.com,Male,583
300,Chandra,Orthmann,corthmann8b@ebay.com,Female,343
301,Andrea,Woliter,awoliter8c@goo.gl,Female,680
302,Reinwald,Andren,randren8d@cyberchimps.com,Male,973
303,Ross,Figures,rfigures8e@yahoo.co.jp,Male,141
304,Rosalynd,Fealty,rfealty8f@lulu.com,Female,554
305,Hector,Golding,hgolding8g@tinyurl.com,Male,250
306,Verina,Chick,vchick8h@marriott.com,Female,8
307,Haze,Koppeck,hkoppeck8i@dion.ne.jp,Male,199
308,Eben,Sharrem,esharrem8j@ycombinator.com,Male,798
309,Somerset,Dainter,sdainter8k@dailymotion.com,Male,408
310,Dela,Twyford,dtwyford8l@netlog.com,Female,37
311,Eolande,Muggleton,emuggleton8m@dot.gov,Female,557
312,Kile,Iashvili,kiashvili8n@meetup.com,Male,799
313,Cathie,Mackelworth,cmackelworth8o@engadget.com,Female,84
314,Spenser,MacCracken,smaccracken8p@icq.com,Male,219
315,Arv,Bradburne,abradburne8q@google.co.uk,Male,566
316,Nicolette,Aslen,naslen8r@t-online.de,Female,381
317,Kristian,Hansbury,khansbury8s@umich.edu,Male,196
318,Markus,Menichini,mmenichini8t@ezinearticles.com,Male,251
319,Goddart,Adame,gadame8u@usgs.gov,Male,699
320,Coleen,Gorrick,cgorrick8v@cnn.com,Female,990
321,Chelsey,Maior,cmaior8w@rambler.ru,Female,712
322,Anton,Rainton,arainton8x@ucoz.com,Male,869
323,Roderigo,Issac,rissac8y@soundcloud.com,Male,859
324,Morganica,Cutbirth,mcutbirth8z@trellian.com,Female,810
325,Oliver,Wigg,owigg90@e-recht24.de,Male,216
326,Den,Shearme,dshearme91@seesaa.net,Male,706
327,Tonie,Iorizzo,tiorizzo92@gov.uk,Female,763
328,Leesa,St Angel,lstangel93@archive.org,Female,96
329,Ginelle,Leschelle,gleschelle94@apache.org,Female,388
330,Sutton,Earry,searry95@statcounter.com,Male,721
331,Chucho,Whordley,cwhordley96@chronoengine.com,Male,810
332,Agna,Bungey,abungey97@github.com,Female,968
333,Eada,Fronks,efronks98@wikispaces.com,Female,999
334,Zacherie,Savill,zsavill99@shutterfly.com,Male,318
335,Marven,Janaszkiewicz,mjanaszkiewicz9a@globo.com,Male,495
336,Ginelle,Bodell,gbodell9b@amazon.com,Female,495
337,Scottie,Parcall,sparcall9c@hc360.com,Male,77
338,Maddie,Chaffin,mchaffin9d@seesaa.net,Male,369
339,Raddie,Jumonet,rjumonet9e@de.vu,Male,30
340,Betty,Wenban,bwenban9f@devhub.com,Female,442
341,Kimmi,Leall,kleall9g@cisco.com,Female,782
342,Jeramie,Aubin,jaubin9h@bbc.co.uk,Male,438
343,Judye,Hefford,jhefford9i@theguardian.com,Female,355
344,Benedicta,Woolis,bwoolis9j@comcast.net,Female,141
345,Brendon,Bilt,bbilt9k@yolasite.com,Male,271
346,Melloney,Simoens,msimoens9l@123-reg.co.uk,Female,18
347,Domingo,Holligan,dholligan9m@nih.gov,Male,405
348,Rhea,Doles,rdoles9n@ustream.tv,Female,788
349,Janos,Arstall,jarstall9o@free.fr,Male,341
350,Glyn,Kropp,gkropp9p@ucoz.com,Female,470
351,Claudie,Mobbs,cmobbs9q@webs.com,Female,489
352,Denise,Maynell,dmaynell9r@msu.edu,Female,447
353,My,Kezourec,mkezourec9s@reddit.com,Male,865
354,Eliot,Childers,echilders9t@hibu.com,Male,130
355,Isacco,Brydon,ibrydon9u@nsw.gov.au,Male,528
356,Mahala,Demschke,mdemschke9v@weather.com,Female,458
357,Laverna,Duckham,lduckham9w@china.com.cn,Female,316
358,Margarete,Grzeszczyk,mgrzeszczyk9x@cbc.ca,Female,743
359,Di,Gartland,dgartland9y@columbia.edu,Female,69
360,Licha,Keywood,lkeywood9z@macromedia.com,Female,390
361,Wildon,Puffett,wpuffetta0@prweb.com,Male,597
362,Ardene,Eborn,aeborna1@pagesperso-orange.fr,Female,223
363,Lauretta,Rafferty,lraffertya2@geocities.jp,Female,228
364,Rhona,Morena,rmorenaa3@home.pl,Female,635
365,Lia,Pavolini,lpavolinia4@bloglines.com,Female,691
366,Pauly,Tommasi,ptommasia5@thetimes.co.uk,Female,340
367,Ulrica,Tschersich,utschersicha6@parallels.com,Female,599
368,Iorgo,Bartul,ibartula7@time.com,Male,384
369,Moina,Bestwall,mbestwalla8@ebay.com,Female,735
370,Ives,Dupree,idupreea9@dot.gov,Male,743
371,Gabbie,Naylor,gnayloraa@princeton.edu,Female,822
372,Elmo,Cesconi,ecesconiab@jugem.jp,Male,299
373,Lydia,Douris,ldourisac@nymag.com,Female,467
374,Raynell,Grene,rgrenead@deliciousdays.com,Female,591
375,Daloris,Hatherleigh,dhatherleighae@unesco.org,Female,100
376,Eduard,Wyldbore,ewyldboreaf@delicious.com,Male,263
377,Chrysler,Keddy,ckeddyag@newsvine.com,Female,36
378,Yorgo,McKinnon,ymckinnonah@istockphoto.com,Male,55
379,Terrijo,Houndsom,thoundsomai@unblog.fr,Female,862
380,Amie,Ainge,aaingeaj@google.co.uk,Female,374
381,Humfrey,Lassey,hlasseyak@dedecms.com,Male,245
382,Malanie,Hindenberger,mhindenbergeral@techcrunch.com,Female,166
383,Madonna,Lidierth,mlidiertham@berkeley.edu,Female,957
384,Daniel,Itzkovwich,ditzkovwichan@ycombinator.com,Male,623
385,Steven,Petre,spetreao@hugedomains.com,Male,514
386,Jordon,Rama,jramaap@elpais.com,Male,535
387,Olivier,Ould,oouldaq@alexa.com,Male,547
388,Tommie,Commucci,tcommucciar@gravatar.com,Male,537
389,Freda,Stillman,fstillmanas@mediafire.com,Female,181
390,Edlin,Leipelt,eleipeltat@networksolutions.com,Male,545
391,Jameson,Havik,jhavikau@squidoo.com,Male,998
392,Quinlan,Beernt,qbeerntav@omniture.com,Male,791
393,Josefa,Petrou,jpetrouaw@ucsd.edu,Female,519
394,Justis,Nower,jnowerax@sbwire.com,Male,1
395,Barr,Flack,bflackay@wordpress.com,Male,293
396,Rebe,Castagnet,rcastagnetaz@dot.gov,Female,78
397,Maighdiln,Pieter,mpieterb0@gov.uk,Female,819
398,Jon,Dyerson,jdyersonb1@tamu.edu,Male,502
399,Gerek,Fears,gfearsb2@umn.edu,Male,154
400,Gerek,Laurance,glauranceb3@sbwire.com,Male,878
401,Nollie,Matovic,nmatovicb4@shop-pro.jp,Male,105
402,Hayward,Linsay,hlinsayb5@biglobe.ne.jp,Male,327
403,Dick,Campagne,dcampagneb6@jigsy.com,Male,324
404,King,Le Count,klecountb7@ft.com,Male,921
405,Clary,Moukes,cmoukesb8@indiegogo.com,Female,929
406,Ethelda,Ziems,eziemsb9@devhub.com,Female,717
407,Garald,Tonkes,gtonkesba@ocn.ne.jp,Male,141
408,Dilan,Kinsey,dkinseybb@mayoclinic.com,Male,817
409,Carry,Shuard,cshuardbc@hud.gov,Female,210
410,Lombard,Cockhill,lcockhillbd@columbia.edu,Male,521
411,Elysha,Hatry,ehatrybe@slashdot.org,Female,402
412,Rakel,Kruszelnicki,rkruszelnickibf@google.com,Female,240
413,Maurits,Adamovsky,madamovskybg@google.com.hk,Male,311
414,Virgie,Saiz,vsaizbh@gravatar.com,Male,454
415,Jerrold,Buckbee,jbuckbeebi@fotki.com,Male,980
416,Rozele,Durtnall,rdurtnallbj@joomla.org,Female,563
417,Filippo,Noods,fnoodsbk@webeden.co.uk,Male,683
418,Gwenni,Spain-Gower,gspaingowerbl@guardian.co.uk,Female,528
419,Eolande,Conner,econnerbm@nationalgeographic.com,Female,203
420,Tresa,Holyland,tholylandbn@scribd.com,Female,250
421,Daveen,Preator,dpreatorbo@github.io,Female,887
422,Trisha,Burnyate,tburnyatebp@archive.org,Female,592
423,Luciano,Caughte,lcaughtebq@amazon.co.jp,Male,376
424,Miller,Vinton,mvintonbr@mediafire.com,Male,20
425,Timmie,Cripin,tcripinbs@amazon.de,Female,557
426,Tanny,Prettejohns,tprettejohnsbt@amazon.co.jp,Male,626
427,Ivory,Criag,icriagbu@google.it,Female,310
428,Ronnie,Westoff,rwestoffbv@engadget.com,Female,135
429,Anabal,Botler,abotlerbw@princeton.edu,Female,526
430,Georgianna,Guard,gguardbx@hibu.com,Female,255
431,Major,Raecroft,mraecroftby@goodreads.com,Male,543
432,Neddie,Jachtym,njachtymbz@google.de,Male,757
433,Saunders,Lowis,slowisc0@github.com,Male,888
434,Harrison,Kermode,hkermodec1@devhub.com,Male,426
435,Shaine,Hadaway,shadawayc2@go.com,Female,412
436,Austen,Filshin,afilshinc3@reference.com,Male,834
437,Jabez,Du Fray,jdufrayc4@wired.com,Male,827
438,Korey,Villiers,kvilliersc5@hostgator.com,Male,601
439,Janeva,Izhak,jizhakc6@cmu.edu,Female,694
440,Candida,Commusso,ccommussoc7@ca.gov,Female,557
441,Henrik,Czaple,hczaplec8@example.com,Male,425
442,Papageno,Suttaby,psuttabyc9@apple.com,Male,888
443,Tish,Kettow,tkettowca@go.com,Female,382
444,Aubrette,Prevett,aprevettcb@yelp.com,Female,164
445,Rania,Keen,rkeencc@nasa.gov,Female,972
446,Hanni,Toothill,htoothillcd@baidu.com,Female,838
447,Queenie,Sweetzer,qsweetzerce@ebay.com,Female,631
448,Culley,Costin,ccostincf@baidu.com,Male,762
449,Martguerita,Esterbrook,mesterbrookcg@bloglovin.com,Female,196
450,Ellerey,Duester,eduesterch@deviantart.com,Male,338
451,Nessie,Garoghan,ngaroghanci@nymag.com,Female,783
452,Arleen,Gwyn,agwyncj@jimdo.com,Female,634
453,Cristal,Canham,ccanhamck@slashdot.org,Female,80
454,Michal,Comazzo,mcomazzocl@miitbeian.gov.cn,Male,900
455,Natividad,Bollin,nbollincm@reddit.com,Female,626
456,Craig,Deboick,cdeboickcn@ca.gov,Male,82
457,Marnie,Boyen,mboyenco@engadget.com,Female,361
458,Bayard,Huxton,bhuxtoncp@hc360.com,Male,884
459,Kerk,Gott,kgottcq@usatoday.com,Male,824
460,Lorita,Hubatsch,lhubatschcr@google.pl,Female,951
461,Rube,Mitrikhin,rmitrikhincs@admin.ch,Male,813
462,Hillyer,Gurnell,hgurnellct@merriam-webster.com,Male,516
463,Gigi,Peers,gpeerscu@npr.org,Female,873
464,Rozele,Halloway,rhallowaycv@harvard.edu,Female,717
465,Zorine,Rodgier,zrodgiercw@blogspot.com,Female,810
466,Lil,Farnfield,lfarnfieldcx@cpanel.net,Female,981
467,Nixie,Wraith,nwraithcy@pinterest.com,Female,930
468,Ellyn,Elcocks,eelcockscz@cmu.edu,Female,208
469,Brent,Mingauld,bmingauldd0@ow.ly,Male,121
470,Davey,Ellwell,dellwelld1@addtoany.com,Male,631
471,Charlie,Meeny,cmeenyd2@opensource.org,Male,616
472,Obediah,Hasson,ohassond3@japanpost.jp,Male,20
473,Shani,Stainsby,sstainsbyd4@eepurl.com,Female,858
474,Ingunna,Tyer,ityerd5@sciencedirect.com,Female,305
475,Dyna,Coils,dcoilsd6@tmall.com,Female,459
476,Teresina,Uwins,tuwinsd7@yelp.com,Female,151
477,Lloyd,Chadwen,lchadwend8@acquirethisname.com,Male,253
478,Tracie,Gauntley,tgauntleyd9@mysql.com,Male,712
479,Dominique,Baroc,dbarocda@hao123.com,Male,934
480,Kim,Methringham,kmethringhamdb@java.com,Male,885
481,Grant,Bezarra,gbezarradc@si.edu,Male,438
482,Trueman,Peebles,tpeeblesdd@weibo.com,Male,71
483,Gannon,Shearwood,gshearwoodde@histats.com,Male,596
484,Gwennie,Stannard,gstannarddf@geocities.com,Female,765
485,Teirtza,Rowly,trowlydg@imgur.com,Female,59
486,Vivia,Edison,vedisondh@rakuten.co.jp,Female,988
487,Shaw,Sharkey,ssharkeydi@springer.com,Male,661
488,Farlay,Carl,fcarldj@nih.gov,Male,946
489,Gibby,Strain,gstraindk@nature.com,Male,182
490,Doralynne,Astill,dastilldl@vinaora.com,Female,349
491,Roanna,Messom,rmessomdm@springer.com,Female,766
492,Saw,Badder,sbadderdn@yandex.ru,Male,648
493,Vivianna,Washbrook,vwashbrookdo@cornell.edu,Female,54
494,Willy,Jewell,wjewelldp@pinterest.com,Male,672
495,Vassily,McCleverty,vmcclevertydq@timesonline.co.uk,Male,714
496,Devin,Flux,dfluxdr@dell.com,Female,545
497,Lennard,Goodale,lgoodaleds@so-net.ne.jp,Male,377
498,Brigham,Pinilla,bpinilladt@webs.com,Male,435
499,Grier,Hofer,ghoferdu@goodreads.com,Female,925
500,Lammond,Howitt,lhowittdv@springer.com,Male,483
501,Stacee,Hintze,shintzedw@chronoengine.com,Male,152
502,Karalynn,McMorland,kmcmorlanddx@merriam-webster.com,Female,993
503,Alvera,Dennerley,adennerleydy@slashdot.org,Female,75
504,Caty,Jancar,cjancardz@desdev.cn,Female,300
505,Cordell,Gomersall,cgomersalle0@oracle.com,Male,153
506,Kizzee,O'Corrin,kocorrine1@diigo.com,Female,938
507,Tawnya,Tawn,ttawne2@noaa.gov,Female,393
508,Tony,Souley,tsouleye3@baidu.com,Male,624
509,Lion,Hans,lhanse4@blog.com,Male,403
510,Niels,Agnolo,nagnoloe5@washington.edu,Male,349
511,Lief,Youel,lyouele6@theguardian.com,Male,530
512,Anastassia,Catmull,acatmulle7@harvard.edu,Female,903
513,Debby,Quadrio,dquadrioe8@ebay.com,Female,528
514,Woodman,Hars,wharse9@typepad.com,Male,108
515,Fredek,Sarver,fsarverea@timesonline.co.uk,Male,30
516,Francklyn,Semens,fsemenseb@paginegialle.it,Male,776
517,Cy,Dorie,cdorieec@unesco.org,Male,39
518,Carrie,Allsepp,callsepped@flickr.com,Female,412
519,Cicily,Bendle,cbendleee@prnewswire.com,Female,386
520,Lydon,Sprott,lsprottef@mysql.com,Male,224
521,Haskel,Keefe,hkeefeeg@ameblo.jp,Male,128
522,Waverly,Boadby,wboadbyeh@odnoklassniki.ru,Male,211
523,Stanly,Bridges,sbridgesei@hexun.com,Male,285
524,Sarajane,Ciric,sciricej@bbb.org,Female,706
525,Vidovik,Fenck,vfenckek@youtu.be,Male,853
526,Kristien,Speers,kspeersel@twitter.com,Female,340
527,Emmott,Jozefowicz,ejozefowiczem@bloglovin.com,Male,151
528,Dirk,Goodlet,dgoodleten@cbsnews.com,Male,329
529,Marga,Witz,mwitzeo@wisc.edu,Female,462
530,Terrance,Canedo,tcanedoep@fastcompany.com,Male,829
531,Michelina,Franks,mfrankseq@csmonitor.com,Female,450
532,Faina,Borrett,fborretter@ning.com,Female,704
533,Doy,Pettiford,dpettifordes@behance.net,Male,669
534,Malchy,Illston,millstonet@1und1.de,Male,353
535,Mayne,Abriani,mabrianieu@usa.gov,Male,678
536,Aland,Scurrah,ascurrahev@ox.ac.uk,Male,91
537,Muhammad,McSkin,mmcskinew@t.co,Male,801
538,Alice,Atherton,aathertonex@opensource.org,Female,717
539,Cristy,Abdon,cabdoney@mozilla.com,Female,713
540,Milton,Rainsdon,mrainsdonez@edublogs.org,Male,206
541,Kipper,Chaffer,kchafferf0@ehow.com,Male,400
542,Karol,Casewell,kcasewellf1@elegantthemes.com,Female,861
543,Rhodia,Nyles,rnylesf2@gmpg.org,Female,389
544,Worthy,Bausor,wbausorf3@nymag.com,Male,874
545,Alec,Porson,aporsonf4@sourceforge.net,Male,409
546,Joycelin,Randleson,jrandlesonf5@elegantthemes.com,Female,342
547,Hilario,Fawdry,hfawdryf6@aol.com,Male,647
548,Kylila,Flucks,kflucksf7@so-net.ne.jp,Female,846
549,Hall,Shawley,hshawleyf8@indiatimes.com,Male,837
550,Clarance,Reddick,creddickf9@issuu.com,Male,626
551,Philip,Britzius,pbritziusfa@stanford.edu,Male,680
552,Sissie,Asker,saskerfb@xrea.com,Female,108
553,Lotte,Harridge,lharridgefc@etsy.com,Female,499
554,Lyle,Hepher,lhepherfd@wikimedia.org,Male,87
555,Selig,Whyborne,swhybornefe@addthis.com,Male,832
556,Gram,Schollick,gschollickff@networkadvertising.org,Male,173
557,Archie,Gabrieli,agabrielifg@businessweek.com,Male,181
558,Faun,Drillingcourt,fdrillingcourtfh@umich.edu,Female,765
559,Asa,Pitford,apitfordfi@fda.gov,Male,833
560,Romain,Todaro,rtodarofj@fastcompany.com,Male,282
561,Appolonia,Goffe,agoffefk@wp.com,Female,532
562,Yoshi,McGinnell,ymcginnellfl@timesonline.co.uk,Female,370
563,Mattie,Edgeon,medgeonfm@goodreads.com,Male,749
564,Aurie,Yaknov,ayaknovfn@thetimes.co.uk,Female,264
565,Alli,Ikins,aikinsfo@godaddy.com,Female,545
566,Aimee,Doddridge,adoddridgefp@aol.com,Female,207
567,Lyman,Coneley,lconeleyfq@omniture.com,Male,742
568,Marlyn,Andras,mandrasfr@comcast.net,Female,57
569,Karlik,Havvock,khavvockfs@linkedin.com,Male,158
570,Conny,Chancelier,cchancelierft@instagram.com,Female,624
571,Jedd,Alessandrini,jalessandrinifu@dropbox.com,Male,233
572,Alta,Petzolt,apetzoltfv@wufoo.com,Female,15
573,Adriana,Fitchett,afitchettfw@mozilla.com,Female,151
574,Arman,Wenderoth,awenderothfx@vistaprint.com,Male,960
575,Katherina,Bettis,kbettisfy@youtu.be,Female,311
576,Isadore,Pask,ipaskfz@sogou.com,Male,230
577,Lorene,Priestland,lpriestlandg0@google.pl,Female,893
578,Giles,Morrott,gmorrottg1@answers.com,Male,52
579,Jackie,Powdrill,jpowdrillg2@nyu.edu,Female,440
580,Claudian,Buzza,cbuzzag3@google.cn,Male,241
581,Chrysler,Ciementini,cciementinig4@forbes.com,Female,472
582,Riccardo,Bartosiak,rbartosiakg5@fotki.com,Male,460
583,Alan,Perillo,aperillog6@tinypic.com,Male,656
584,Elwood,Iacivelli,eiacivellig7@storify.com,Male,816
585,Errick,Staggs,estaggsg8@who.int,Male,191
586,Roma,Merrell,rmerrellg9@wikia.com,Male,856
587,Jaclyn,MacSherry,jmacsherryga@printfriendly.com,Female,969
588,Tabbi,Hyde,thydegb@un.org,Female,127
589,Egon,Massingberd,emassingberdgc@vk.com,Male,225
590,Aeriell,Echallie,aechalliegd@samsung.com,Female,719
591,Pearla,Mournian,pmourniange@patch.com,Female,409
592,Berk,Roberds,broberdsgf@networkadvertising.org,Male,855
593,Darrelle,Roseman,drosemangg@nature.com,Female,876
594,Baryram,Chetwin,bchetwingh@smh.com.au,Male,938
595,Luca,MacGinney,lmacginneygi@google.es,Male,288
596,Rhetta,Cogswell,rcogswellgj@icio.us,Female,34
597,Perry,Mulberry,pmulberrygk@weather.com,Female,871
598,Licha,Shevell,lshevellgl@miitbeian.gov.cn,Female,507
599,Giffie,Ryrie,gryriegm@bandcamp.com,Male,578
600,Arvin,Pauletti,apaulettign@parallels.com,Male,116
601,Hana,Storre,hstorrego@simplemachines.org,Female,54
602,Myrtle,Hayman,mhaymangp@who.int,Female,937
603,Kelbee,Dalgardno,kdalgardnogq@google.cn,Male,812
604,Katti,Prime,kprimegr@hostgator.com,Female,15
605,Wiatt,Dyte,wdytegs@weebly.com,Male,968
606,Allianora,Fonte,afontegt@google.com,Female,596
607,Aprilette,Darque,adarquegu@cyberchimps.com,Female,218
608,Mellie,Benezet,mbenezetgv@cnn.com,Female,405
609,Hastings,Ford,hfordgw@ezinearticles.com,Male,680
610,Michail,Janssen,mjanssengx@shop-pro.jp,Male,0
611,Nadiya,Mattes,nmattesgy@tripod.com,Female,120
612,Farrell,Willets,fwilletsgz@prlog.org,Male,883
613,Katleen,O' Brian,kobrianh0@com.com,Female,300
614,Cortie,Kuhnhardt,ckuhnhardth1@hexun.com,Male,192
615,Jenn,Fetter,jfetterh2@blogspot.com,Female,695
616,Nola,Silverston,nsilverstonh3@bizjournals.com,Female,833
617,Kariotta,Tomasino,ktomasinoh4@dedecms.com,Female,966
618,Abe,Pridham,apridhamh5@nydailynews.com,Male,607
619,Chaim,Entwhistle,centwhistleh6@nymag.com,Male,630
620,Richardo,Stodd,rstoddh7@fotki.com,Male,4
621,Marmaduke,Neat,mneath8@oracle.com,Male,726
622,Archaimbaud,Heare,aheareh9@mit.edu,Male,134
623,Meredith,Mont,mmontha@kickstarter.com,Male,216
624,Benji,Girhard,bgirhardhb@google.cn,Male,580
625,Ruthie,Wedge,rwedgehc@harvard.edu,Female,163
626,Farrah,Loxton,floxtonhd@creativecommons.org,Female,177
627,Leandra,Grieswood,lgrieswoodhe@storify.com,Female,161
628,Clementine,Atter,catterhf@army.mil,Female,866
629,Tome,Halewood,thalewoodhg@nasa.gov,Male,342
630,Arnie,Buzza,abuzzahh@nyu.edu,Male,254
631,Roxy,Frossell,rfrossellhi@hao123.com,Female,819
632,Carling,Fellibrand,cfellibrandhj@ustream.tv,Male,565
633,Parrnell,Sirmond,psirmondhk@wisc.edu,Male,63
634,Theodora,Finlow,tfinlowhl@usa.gov,Female,921
635,Gustaf,Geane,ggeanehm@cyberchimps.com,Male,786
636,Manda,Bonavia,mbonaviahn@indiegogo.com,Female,373
637,Doyle,Lundy,dlundyho@mit.edu,Male,850
638,Elke,Wathan,ewathanhp@examiner.com,Female,289
639,Shaw,D'Onise,sdonisehq@google.com,Male,230
640,Derward,Brantl,dbrantlhr@yellowbook.com,Male,197
641,Angel,Weatherley,aweatherleyhs@netscape.com,Female,976
642,Clovis,Friatt,cfriattht@devhub.com,Female,518
643,Zacherie,Lampett,zlampetthu@mayoclinic.com,Male,645
644,Augie,Fritchley,afritchleyhv@alexa.com,Male,468
645,Kellina,Pow,kpowhw@addthis.com,Female,675
646,Nathanil,Brownbill,nbrownbillhx@businesswire.com,Male,922
647,Issiah,Presley,ipresleyhy@reverbnation.com,Male,517
648,Meade,Gannicott,mgannicotthz@moonfruit.com,Male,825
649,Eula,Somerville,esomervillei0@theglobeandmail.com,Female,625
650,Jenilee,Yukhin,jyukhini1@purevolume.com,Female,399
651,Codee,Towson,ctowsoni2@barnesandnoble.com,Female,534
652,Joyous,Vigietti,jvigiettii3@mtv.com,Female,622
653,Berti,Huggens,bhuggensi4@blogger.com,Female,320
654,Welby,Dy,wdyi5@sogou.com,Male,723
655,Sinclare,Ashford,sashfordi6@ifeng.com,Male,252
656,Ranique,Beri,rberii7@bizjournals.com,Female,645
657,Kaleb,Masterson,kmastersoni8@indiegogo.com,Male,981
658,Corbie,Assur,cassuri9@ox.ac.uk,Male,609
659,Cassie,Esby,cesbyia@pinterest.com,Female,147
660,Sheppard,Frost,sfrostib@mayoclinic.com,Male,144
661,Lorelle,Axcell,laxcellic@csmonitor.com,Female,684
662,Kain,McQuode,kmcquodeid@admin.ch,Male,959
663,Harmonia,Chisnall,hchisnallie@edublogs.org,Female,423
664,Iggie,Cerith,icerithif@ow.ly,Male,722
665,Gwendolin,Abrams,gabramsig@icq.com,Female,926
666,Ewell,Linck,elinckih@oaic.gov.au,Male,373
667,Gwenni,Van der Hoven,gvanderhovenii@craigslist.org,Female,693
668,Lu,Spada,lspadaij@soup.io,Female,618
669,Erskine,Tafani,etafaniik@g.co,Male,697
670,Dan,Farmer,dfarmeril@linkedin.com,Male,575
671,Allegra,Hugland,ahuglandim@tiny.cc,Female,658
672,Carla,Dellatorre,cdellatorrein@webs.com,Female,228
673,Olivero,Hamill,ohamillio@domainmarket.com,Male,849
674,Umberto,Lumsdall,ulumsdallip@apache.org,Male,657
675,Ardelle,Paolucci,apaolucciiq@biglobe.ne.jp,Female,409
676,Erminie,Lowson,elowsonir@twitpic.com,Female,766
677,Bobby,Pounds,bpoundsis@aboutads.info,Female,161
678,Hartwell,Ormerod,hormerodit@cargocollective.com,Male,288
679,Emile,Eburah,eeburahiu@altervista.org,Male,785
680,Henrik,Stolte,hstolteiv@moonfruit.com,Male,540
681,Archambault,MacAnespie,amacanespieiw@nsw.gov.au,Male,827
682,Elaine,Yurkov,eyurkovix@cafepress.com,Female,407
683,Pamella,Scotchmur,pscotchmuriy@ifeng.com,Female,108
684,Merrill,Oxtarby,moxtarbyiz@chicagotribune.com,Male,52
685,Liv,Forgie,lforgiej0@ibm.com,Female,491
686,Bronson,McNelly,bmcnellyj1@yolasite.com,Male,234
687,Mae,Scotney,mscotneyj2@seattletimes.com,Female,661
688,Anjela,Phipard-Shears,aphipardshearsj3@army.mil,Female,91
689,Nonah,Buckoke,nbuckokej4@mit.edu,Female,845
690,Rooney,Rehm,rrehmj5@forbes.com,Male,371
691,Antoinette,Dreher,adreherj6@ox.ac.uk,Female,986
692,Stephi,Fullbrook,sfullbrookj7@amazon.co.jp,Female,657
693,Carena,Schultheiss,cschultheissj8@creativecommons.org,Female,874
694,Timofei,Drescher,tdrescherj9@simplemachines.org,Male,623
695,Carmelle,Atling,catlingja@icq.com,Female,723
696,Kizzee,Comelli,kcomellijb@pen.io,Female,406
697,Agnola,Proughten,aproughtenjc@ocn.ne.jp,Female,49
698,Rivy,Schneidau,rschneidaujd@earthlink.net,Female,761
699,Gilligan,Rewcastle,grewcastleje@amazonaws.com,Female,962
700,Amos,Attridge,aattridgejf@theglobeandmail.com,Male,830
701,Chere,Gaymar,cgaymarjg@xrea.com,Female,119
702,Wait,Loverock,wloverockjh@vinaora.com,Male,866
703,Kati,Cowwell,kcowwellji@unesco.org,Female,148
704,Genovera,Crickmoor,gcrickmoorjj@wsj.com,Female,924
705,Lurline,felip,lfelipjk@alexa.com,Female,184
706,Erie,Chilver,echilverjl@biblegateway.com,Male,213
707,Early,Posse,epossejm@marriott.com,Male,963
708,Glen,Rendall,grendalljn@intel.com,Male,878
709,Teddi,Attree,tattreejo@moonfruit.com,Female,304
710,Linus,Scollard,lscollardjp@elpais.com,Male,503
711,Esma,Nesterov,enesterovjq@jalbum.net,Female,269
712,Ermanno,Currin,ecurrinjr@tmall.com,Male,453
713,Elbertina,Scragg,escraggjs@timesonline.co.uk,Female,774
714,Karim,Shury,kshuryjt@reverbnation.com,Male,133
715,Fredrika,Gerhartz,fgerhartzju@wp.com,Female,578
716,Zelda,Kirgan,zkirganjv@chron.com,Female,213
717,Guillaume,Greneham,ggrenehamjw@tmall.com,Male,180
718,Erminia,Pallas,epallasjx@springer.com,Female,148
719,Debee,Courtliff,dcourtliffjy@arstechnica.com,Female,883
720,Petey,Cona,pconajz@huffingtonpost.com,Male,849
721,Bee,Janik,bjanikk0@va.gov,Female,535
722,Wilhelm,Lawday,wlawdayk1@forbes.com,Male,526
723,Antonia,Karlsen,akarlsenk2@ft.com,Female,444
724,Brennen,Carl,bcarlk3@people.com.cn,Male,832
725,Magnum,Common,mcommonk4@va.gov,Male,267
726,Aretha,Gorce,agorcek5@adobe.com,Female,803
727,Trumann,Ruberry,truberryk6@squidoo.com,Male,807
728,Hildagard,Vedenichev,hvedenichevk7@storify.com,Female,398
729,Trev,Penkethman,tpenkethmank8@youku.com,Male,613
730,Stacy,Findlay,sfindlayk9@state.gov,Male,406
731,Marysa,Cullimore,mcullimoreka@instagram.com,Female,132
732,Julieta,Hurburt,jhurburtkb@apache.org,Female,685
733,Sibeal,Reuss,sreusskc@comsenz.com,Female,66
734,Earle,Weyman,eweymankd@g.co,Male,572
735,Bealle,Keyzman,bkeyzmanke@techcrunch.com,Male,161
736,Franciskus,Whittier,fwhittierkf@oakley.com,Male,907
737,Shelagh,Andriulis,sandriuliskg@yahoo.com,Female,948
738,Sherm,Mityashin,smityashinkh@forbes.com,Male,352
739,May,Gricks,mgrickski@usgs.gov,Female,823
740,Cam,Mursell,cmursellkj@seattletimes.com,Female,601
741,Reginauld,Capewell,rcapewellkk@cdc.gov,Male,371
742,Isa,Luberto,ilubertokl@rediff.com,Female,526
743,Josephina,Killerby,jkillerbykm@salon.com,Female,949
744,Ceil,Drayton,cdraytonkn@moonfruit.com,Female,573
745,Bent,Liff,bliffko@symantec.com,Male,621
746,Thornton,Parkey,tparkeykp@indiatimes.com,Male,260
747,Aime,Casham,acashamkq@businessinsider.com,Female,700
748,Flo,McAlarney,fmcalarneykr@ucoz.ru,Female,144
749,Cordula,Isaak,cisaakks@exblog.jp,Female,136
750,Carolyn,Fulker,cfulkerkt@apache.org,Female,733
751,Findlay,Finlaison,ffinlaisonku@state.tx.us,Male,80
752,Lion,Duchesne,lduchesnekv@phpbb.com,Male,172
753,Daffy,Bernaldo,dbernaldokw@twitter.com,Female,577
754,Waneta,Zottoli,wzottolikx@free.fr,Female,449
755,Bonni,Pendry,bpendryky@slate.com,Female,416
756,Tadd,Spruce,tsprucekz@nih.gov,Male,574
757,Augustin,Goode,agoodel0@seattletimes.com,Male,328
758,Hastings,Skehens,hskehensl1@tuttocitta.it,Male,645
759,Hymie,Izak,hizakl2@163.com,Male,648
760,Montague,Sifleet,msifleetl3@plala.or.jp,Male,653
761,Jarred,Gallamore,jgallamorel4@seesaa.net,Male,680
762,King,O'Reilly,koreillyl5@whitehouse.gov,Male,659
763,Kain,Sclanders,ksclandersl6@vimeo.com,Male,209
764,Halsy,Simecek,hsimecekl7@hexun.com,Male,507
765,Gearalt,Pencot,gpencotl8@t-online.de,Male,591
766,Juan,Nobriga,jnobrigal9@hc360.com,Male,620
767,Tallie,Crocetti,tcrocettila@phoca.cz,Male,956
768,Ange,Honeyghan,ahoneyghanlb@eventbrite.com,Male,484
769,Archibaldo,Aslie,aaslielc@sourceforge.net,Male,773
770,Conny,Manuello,cmanuellold@4shared.com,Female,431
771,Britt,Ruslen,bruslenle@bloglines.com,Male,868
772,Jaime,Scheu,jscheulf@4shared.com,Female,355
773,Ketti,Gwinnell,kgwinnelllg@discovery.com,Female,610
774,Trev,Siverns,tsivernslh@bizjournals.com,Male,125
775,Newton,Pavelin,npavelinli@gnu.org,Male,541
776,Gerek,Brehault,gbrehaultlj@youtube.com,Male,341
777,Blane,MacBrearty,bmacbreartylk@ovh.net,Male,410
778,Neron,Wartonby,nwartonbyll@wufoo.com,Male,202
779,Bevan,Betho,bbetholm@oracle.com,Male,514
780,Milo,Philipard,mphilipardln@nyu.edu,Male,318
781,Delilah,Van Halen,dvanhalenlo@dailymail.co.uk,Female,157
782,Harriette,Foakes,hfoakeslp@free.fr,Female,955
783,Kari,Monkman,kmonkmanlq@livejournal.com,Female,836
784,Marcelle,Arnson,marnsonlr@tumblr.com,Female,780
785,Eulalie,Killeen,ekilleenls@google.cn,Female,256
786,Marjorie,Tremethack,mtremethacklt@reddit.com,Female,38
787,Ewart,Vouls,evoulslu@cdc.gov,Male,669
788,Regan,Baulcombe,rbaulcombelv@yahoo.com,Female,205
789,Foss,Van Oort,fvanoortlw@last.fm,Male,413
790,Eben,Budcock,ebudcocklx@ehow.com,Male,236
791,Salomone,Ropars,sroparsly@ezinearticles.com,Male,383
792,Cirstoforo,Hortop,chortoplz@com.com,Male,817
793,Valry,Negus,vnegusm0@rambler.ru,Female,851
794,Archer,Olivo,aolivom1@who.int,Male,227
795,Lindsay,Tunnacliffe,ltunnacliffem2@ycombinator.com,Female,854
796,Becka,Monksfield,bmonksfieldm3@dyndns.org,Female,618
797,Maggi,Melson,mmelsonm4@geocities.com,Female,743
798,Shauna,Franzen,sfranzenm5@google.com.br,Female,656
799,Robinet,Georgel,rgeorgelm6@studiopress.com,Male,181
800,Helenka,McColley,hmccolleym7@dedecms.com,Female,319
801,Isacco,Brosio,ibrosiom8@si.edu,Male,936
802,Alano,Weeden,aweedenm9@jimdo.com,Male,27
803,Kinsley,Mulrooney,kmulrooneyma@shop-pro.jp,Male,605
804,Clyve,Ellin,cellinmb@un.org,Male,95
805,Garreth,Muslim,gmuslimmc@xrea.com,Male,88
806,Nealy,Spurdens,nspurdensmd@meetup.com,Male,721
807,Brocky,Sayse,bsayseme@economist.com,Male,449
808,Franzen,Leas,fleasmf@privacy.gov.au,Male,752
809,Kym,Ealam,kealammg@indiatimes.com,Female,445
810,John,Figgins,jfigginsmh@squarespace.com,Male,407
811,Richmound,Beacon,rbeaconmi@go.com,Male,86
812,Clifford,Shackell,cshackellmj@pen.io,Male,549
813,Arron,Valentin,avalentinmk@reuters.com,Male,516
814,Rollie,Kellaway,rkellawayml@wordpress.org,Male,418
815,Salmon,Smullin,ssmullinmm@privacy.gov.au,Male,691
816,Zollie,Kennady,zkennadymn@indiatimes.com,Male,809
817,Cissy,Glewe,cglewemo@yale.edu,Female,578
818,Monica,Briars,mbriarsmp@istockphoto.com,Female,523
819,Bronnie,Palfery,bpalferymq@creativecommons.org,Male,945
820,Rhett,Turnpenny,rturnpennymr@chron.com,Male,903
821,Mollie,Wynrahame,mwynrahamems@yandex.ru,Female,363
822,Lyn,Messier,lmessiermt@spiegel.de,Male,262
823,Garrek,Brasier,gbrasiermu@eepurl.com,Male,683
824,Cash,Critchell,ccritchellmv@cnbc.com,Male,19
825,Adolphe,McMichael,amcmichaelmw@adobe.com,Male,673
826,Jobi,Dyke,jdykemx@nytimes.com,Female,886
827,Merry,McMillan,mmcmillanmy@cbsnews.com,Female,442
828,Stella,Jenkerson,sjenkersonmz@aol.com,Female,264
829,Sammy,Griswaite,sgriswaiten0@kickstarter.com,Female,800
830,Philipa,McElane,pmcelanen1@dailymail.co.uk,Female,952
831,Derrik,Killoran,dkillorann2@dot.gov,Male,337
832,Tristam,D'Adamo,tdadamon3@taobao.com,Male,312
833,Brok,Braunthal,bbraunthaln4@a8.net,Male,631
834,Lillian,O'Keaveny,lokeavenyn5@freewebs.com,Female,163
835,Umberto,Roussell,urousselln6@alibaba.com,Male,372
836,Cully,Charleston,ccharlestonn7@1und1.de,Male,145
837,Betteanne,Tidd,btiddn8@linkedin.com,Female,423
838,Alyss,McGilben,amcgilbenn9@icio.us,Female,990
839,John,Rosier,jrosierna@comsenz.com,Male,324
840,Clarke,Giorgiutti,cgiorgiuttinb@canalblog.com,Male,678
841,Valry,Seson,vsesonnc@theglobeandmail.com,Female,304
842,Karlotte,Buncom,kbuncomnd@cdc.gov,Female,252
843,Feliks,Greydon,fgreydonne@odnoklassniki.ru,Male,25
844,Phillipp,Upcott,pupcottnf@flavors.me,Male,814
845,Cornie,Bentall,cbentallng@sakura.ne.jp,Male,50
846,Tasia,Da Costa,tdacostanh@nifty.com,Female,54
847,Blaire,Tomet,btometni@nsw.gov.au,Female,389
848,Cicely,MacGrath,cmacgrathnj@mapy.cz,Female,996
849,Viva,Cummungs,vcummungsnk@statcounter.com,Female,649
850,Pen,Wathey,pwatheynl@uol.com.br,Male,729
851,Elliott,Blaschke,eblaschkenm@tripod.com,Male,14
852,Shell,Butt Gow,sbuttgownn@chicagotribune.com,Female,829
853,Tynan,Silverston,tsilverstonno@bizjournals.com,Male,824
854,Silvio,Rudiger,srudigernp@craigslist.org,Male,77
855,Judith,Nanni,jnanninq@people.com.cn,Female,794
856,Esra,Fleisch,efleischnr@twitpic.com,Male,863
857,Antoine,Emor,aemorns@cornell.edu,Male,351
858,Franky,Sackett,fsackettnt@myspace.com,Male,713
859,Clemmie,De Gregario,cdegregarionu@4shared.com,Male,559
860,Joellyn,Clayson,jclaysonnv@youtube.com,Female,778
861,Lawrence,Raylton,lrayltonnw@nba.com,Male,266
862,Judi,Foli,jfolinx@columbia.edu,Female,775
863,Rayna,Saul,rsaulny@shop-pro.jp,Female,457
864,Regan,Bemlott,rbemlottnz@4shared.com,Female,488
865,Natalina,Coppock.,ncoppocko0@latimes.com,Female,626
866,Orlando,Havik,ohaviko1@comcast.net,Male,442
867,Haily,Tern,hterno2@freewebs.com,Female,652
868,Ronald,Fehners,rfehnerso3@twitter.com,Male,574
869,Gibbie,Scrane,gscraneo4@twitter.com,Male,665
870,Ava,Tregidga,atregidgao5@istockphoto.com,Female,561
871,Gordon,Liversage,gliversageo6@smugmug.com,Male,531
872,Esme,Greening,egreeningo7@arizona.edu,Male,965
873,Felice,Schwander,fschwandero8@stanford.edu,Male,304
874,Carlota,Shakelady,cshakeladyo9@dmoz.org,Female,547
875,Merrilee,Heindle,mheindleoa@sfgate.com,Female,389
876,Laird,Napoleon,lnapoleonob@un.org,Male,8
877,Korey,Blabey,kblabeyoc@ed.gov,Male,157
878,Conan,Stansbie,cstansbieod@accuweather.com,Male,879
879,Salomo,Searson,ssearsonoe@weebly.com,Male,488
880,Hedwig,Quantick,hquantickof@independent.co.uk,Female,256
881,Salomo,Rudsdell,srudsdellog@fc2.com,Male,129
882,Brittney,Hellard,bhellardoh@theguardian.com,Female,90
883,Alister,MacCarter,amaccarteroi@squarespace.com,Male,458
884,Raffaello,Bonicelli,rbonicellioj@springer.com,Male,773
885,Willy,Cleaveland,wcleavelandok@1und1.de,Female,171
886,Nikos,Kehri,nkehriol@tumblr.com,Male,850
887,Clarita,Barnham,cbarnhamom@ycombinator.com,Female,415
888,Felicity,Burchnall,fburchnallon@digg.com,Female,347
889,Portie,Moncrefe,pmoncrefeoo@mayoclinic.com,Male,28
890,Constantin,Hinners,chinnersop@google.co.uk,Male,886
891,Briggs,Cash,bcashoq@dailymotion.com,Male,88
892,Marci,London,mlondonor@privacy.gov.au,Female,688
893,Kirsteni,Eberst,keberstos@dropbox.com,Female,28
894,Thebault,Dingle,tdingleot@yahoo.co.jp,Male,922
895,Thain,Putterill,tputterillou@sourceforge.net,Male,330
896,Alessandra,Maffioni,amaffioniov@sohu.com,Female,852
897,Yorgo,Celler,ycellerow@reuters.com,Male,114
898,Robin,Veitch,rveitchox@studiopress.com,Male,817
899,Clementius,Banham,cbanhamoy@purevolume.com,Male,574
900,Mellisent,Andreopolos,mandreopolosoz@bloglines.com,Female,600
901,Bowie,Street,bstreetp0@psu.edu,Male,443
902,Adrian,Neller,anellerp1@usnews.com,Female,354
903,Claudine,Churchlow,cchurchlowp2@tumblr.com,Female,38
904,Lemmy,Torbett,ltorbettp3@wisc.edu,Male,334
905,Caro,Caltera,ccalterap4@imgur.com,Female,3
906,Dorolice,Yeude,dyeudep5@arizona.edu,Female,763
907,Winonah,Perrone,wperronep6@flavors.me,Female,753
908,Elisabeth,Bolderstone,ebolderstonep7@timesonline.co.uk,Female,671
909,Sidnee,Fawdry,sfawdryp8@homestead.com,Male,610
910,Juanita,Scandrick,jscandrickp9@foxnews.com,Female,983
911,Adelbert,Gabbitas,agabbitaspa@whitehouse.gov,Male,592
912,Norbie,Dickin,ndickinpb@chicagotribune.com,Male,522
913,Shannen,Adelman,sadelmanpc@latimes.com,Female,121
914,Fields,Milley,fmilleypd@printfriendly.com,Male,401
915,Dale,MacDuffie,dmacduffiepe@netlog.com,Female,192
916,Von,Castellan,vcastellanpf@ocn.ne.jp,Male,709
917,Lilah,Antoinet,lantoinetpg@i2i.jp,Female,812
918,Osbourn,Crotch,ocrotchph@nydailynews.com,Male,472
919,Bob,MacCartan,bmaccartanpi@china.com.cn,Male,579
920,Ame,Babcock,ababcockpj@dell.com,Female,14
921,Reinhold,Locks,rlockspk@fema.gov,Male,448
922,Walton,Rowat,wrowatpl@sogou.com,Male,835
923,Louis,Skittreal,lskittrealpm@istockphoto.com,Male,539
924,Annamaria,Bennit,abennitpn@discovery.com,Female,69
925,Evelyn,Skeech,eskeechpo@ocn.ne.jp,Male,686
926,Kennith,Ruffell,kruffellpp@drupal.org,Male,768
927,Kirsti,Pain,kpainpq@usa.gov,Female,89
928,Emerson,Poutress,epoutresspr@arstechnica.com,Male,428
929,Zoe,Wrinch,zwrinchps@drupal.org,Female,553
930,Niles,Maffeo,nmaffeopt@networkadvertising.org,Male,949
931,Tootsie,Giraudeau,tgiraudeaupu@a8.net,Female,129
932,Thaxter,Waylen,twaylenpv@scientificamerican.com,Male,384
933,Tamqrah,Ratazzi,tratazzipw@soup.io,Female,7
934,Reinold,Ginman,rginmanpx@imdb.com,Male,510
935,Chico,Allden,calldenpy@psu.edu,Male,403
936,Ellerey,Gleasane,egleasanepz@whitehouse.gov,Male,300
937,Ursola,Pallesen,upallesenq0@cnbc.com,Female,377
938,Aarika,Salatino,asalatinoq1@booking.com,Female,395
939,Frasco,Sennett,fsennettq2@thetimes.co.uk,Male,74
940,Chastity,Vallow,cvallowq3@1688.com,Female,737
941,Darnall,Oseland,doselandq4@oracle.com,Male,942
942,Ange,Clineck,aclineckq5@npr.org,Female,865
943,Deeyn,Iacovo,diacovoq6@vistaprint.com,Female,421
944,Rosalinde,Chesswas,rchesswasq7@de.vu,Female,10
945,Harold,Ingrey,hingreyq8@apple.com,Male,557
946,Barty,Felgate,bfelgateq9@engadget.com,Male,203
947,Johann,Oldrey,joldreyqa@php.net,Male,198
948,Vidovic,Gamell,vgamellqb@newyorker.com,Male,214
949,Vidovik,Udell,vudellqc@auda.org.au,Male,113
950,Bartlet,Paff,bpaffqd@nature.com,Male,509
951,Jillayne,Brooker,jbrookerqe@independent.co.uk,Female,896
952,Guthrie,Johanchon,gjohanchonqf@symantec.com,Male,309
953,Katti,Benfell,kbenfellqg@wiley.com,Female,351
954,Chicky,Rivaland,crivalandqh@51.la,Male,315
955,Jacquenette,Wilkenson,jwilkensonqi@stanford.edu,Female,789
956,Brady,O'Doherty,bodohertyqj@webmd.com,Male,298
957,Valentine,Brantzen,vbrantzenqk@twitter.com,Male,864
958,Fawn,Fleet,ffleetql@opensource.org,Female,417
959,Kippy,Febvre,kfebvreqm@europa.eu,Male,235
960,Micki,Ritchings,mritchingsqn@forbes.com,Female,285
961,Maitilde,Adamik,madamikqo@biblegateway.com,Female,397
962,Elenore,Mollison,emollisonqp@dedecms.com,Female,797
963,Glynis,Aicken,gaickenqq@weibo.com,Female,673
964,Haily,Crabtree,hcrabtreeqr@google.ru,Female,481
965,Sascha,Charlesworth,scharlesworthqs@ucla.edu,Female,600
966,Newton,McVaugh,nmcvaughqt@soundcloud.com,Male,766
967,Hamid,Santry,hsantryqu@google.com,Male,354
968,Aurlie,Milhench,amilhenchqv@vistaprint.com,Female,309
969,Babara,Gullyes,bgullyesqw@ezinearticles.com,Female,118
970,Hallie,Freiberg,hfreibergqx@tripod.com,Female,307
971,Pandora,Mackelworth,pmackelworthqy@sphinn.com,Female,620
972,Glenna,MacKaile,gmackaileqz@indiegogo.com,Female,784
973,Anya,Hotton,ahottonr0@ebay.co.uk,Female,846
974,Dilan,Tear,dtearr1@unblog.fr,Male,132
975,Edwin,Bontine,ebontiner2@symantec.com,Male,895
976,Field,Emmins,femminsr3@ask.com,Male,235
977,Towney,Morilla,tmorillar4@about.com,Male,156
978,Les,Millam,lmillamr5@dion.ne.jp,Male,311
979,Joyann,Goadsby,jgoadsbyr6@bluehost.com,Female,954
980,Brent,Oury,bouryr7@jugem.jp,Male,697
981,Kimberlyn,Baldinotti,kbaldinottir8@purevolume.com,Female,497
982,Isabeau,Jammes,ijammesr9@usa.gov,Female,442
983,Germain,Leppo,gleppora@mlb.com,Female,787
984,Frankie,Snap,fsnaprb@vinaora.com,Male,319
985,Effie,Busfield,ebusfieldrc@usda.gov,Female,588
986,Kim,Tickle,kticklerd@rakuten.co.jp,Male,294
987,Davidde,Hatchell,dhatchellre@apache.org,Male,203
988,Hamid,Correa,hcorrearf@go.com,Male,921
989,Michel,Kix,mkixrg@sitemeter.com,Male,256
990,Cherie,Zapata,czapatarh@google.it,Female,662
991,Mitch,Drivers,mdriversri@nyu.edu,Male,211
992,Coreen,Sugg,csuggrj@issuu.com,Female,453
993,Vergil,Wherrett,vwherrettrk@stumbleupon.com,Male,193
994,Skelly,Dugget,sduggetrl@indiegogo.com,Male,40
995,Lauryn,Bewley,lbewleyrm@cam.ac.uk,Female,674
996,Crissie,Charlin,ccharlinrn@elegantthemes.com,Female,252
997,Abigail,Ginnety,aginnetyro@blinklist.com,Female,365
998,Efrem,Fry,efryrp@github.io,Male,496
999,Gunner,Lensch,glenschrq@wordpress.com,Male,587
1000,Thalia,Standon,tstandonrr@answers.com,Female,431
